{"cameraMode":{"drawMode":0,"name":"Shaded","section":"Shading Mode"},"sceneLighting":false,"audioPlay":false,"sceneViewState":{"showFog":true,"showMaterialUpdate":false,"showSkybox":false,"showFlares":true,"showImageEffects":true,"showParticleSystems":true},"in2DMode":false,"pivot":{"x":-0.029014110565185548,"y":0.809910774230957,"z":-0.023734450340270997},"rotation":{"x":0.2725965082645416,"y":0.1436423659324646,"z":-0.04119766131043434,"w":0.9504528641700745},"size":1.7928364276885987,"orthographic":false}