{"cameraMode":{"drawMode":0,"name":"Shaded","section":"Shading Mode"},"sceneLighting":true,"audioPlay":false,"sceneViewState":{"showFog":true,"showMaterialUpdate":false,"showSkybox":true,"showFlares":true,"showImageEffects":true,"showParticleSystems":true},"in2DMode":false,"pivot":{"x":-9.6655912399292,"y":0.17424046993255616,"z":-1.0409328937530518},"rotation":{"x":0.2725965082645416,"y":0.1436423659324646,"z":-0.04119766131043434,"w":0.9504528641700745},"size":10.0,"orthographic":false}