{"cameraMode":{"drawMode":0,"name":"Shaded","section":"Shading Mode"},"sceneLighting":false,"audioPlay":false,"sceneViewState":{"showFog":true,"showMaterialUpdate":false,"showSkybox":false,"showFlares":true,"showImageEffects":true,"showParticleSystems":true},"in2DMode":false,"pivot":{"x":-0.019371498376131059,"y":0.03946889564394951,"z":0.22507499158382417},"rotation":{"x":0.11506778001785279,"y":-0.8368752002716065,"z":0.19285055994987489,"w":0.4992329180240631},"size":0.4118252098560333,"orthographic":false}