{"cameraMode":{"drawMode":0,"name":"Shaded","section":"Shading Mode"},"sceneLighting":false,"audioPlay":false,"sceneViewState":{"showFog":true,"showMaterialUpdate":false,"showSkybox":false,"showFlares":true,"showImageEffects":true,"showParticleSystems":true},"in2DMode":false,"pivot":{"x":-0.9621554017066956,"y":1.8973666429519654,"z":37.487606048583987},"rotation":{"x":0.0020929689053446056,"y":-0.9877750277519226,"z":0.1553550362586975,"w":0.013320821337401867},"size":2.0660252571105959,"orthographic":false}