{"cameraMode":{"drawMode":0,"name":"Shaded","section":"Shading Mode"},"sceneLighting":false,"audioPlay":false,"sceneViewState":{"showFog":true,"showMaterialUpdate":false,"showSkybox":false,"showFlares":true,"showImageEffects":true,"showParticleSystems":true},"in2DMode":false,"pivot":{"x":-0.6902792453765869,"y":-0.25528624653816225,"z":-0.5704705119132996},"rotation":{"x":0.13755111396312715,"y":-0.6804723739624023,"z":0.13226346671581269,"w":0.7075085639953613},"size":0.9872689247131348,"orthographic":false}