{"cameraMode":{"drawMode":0,"name":"Shaded","section":"Shading Mode"},"sceneLighting":false,"audioPlay":false,"sceneViewState":{"showFog":true,"showMaterialUpdate":false,"showSkybox":false,"showFlares":true,"showImageEffects":true,"showParticleSystems":true},"in2DMode":false,"pivot":{"x":0.140000119805336,"y":0.16159766912460328,"z":-0.4718218743801117},"rotation":{"x":0.23125791549682618,"y":-0.13840658962726594,"z":0.03325242921710014,"w":0.962454617023468},"size":0.6510834693908691,"orthographic":false}