{"cameraMode":{"drawMode":0,"name":"Shaded","section":"Shading Mode"},"sceneLighting":false,"audioPlay":false,"sceneViewState":{"showFog":true,"showMaterialUpdate":false,"showSkybox":false,"showFlares":true,"showImageEffects":true,"showParticleSystems":true},"in2DMode":false,"pivot":{"x":-0.04902726411819458,"y":0.9536874294281006,"z":-0.040105611085891727},"rotation":{"x":0.06021292880177498,"y":-0.939757764339447,"z":0.2434607893228531,"w":0.23234029114246369},"size":1.703961730003357,"orthographic":false}