{"cameraMode":{"drawMode":0,"name":"Shaded","section":"Shading Mode"},"sceneLighting":false,"audioPlay":false,"sceneViewState":{"showFog":true,"showMaterialUpdate":false,"showSkybox":false,"showFlares":true,"showImageEffects":true,"showParticleSystems":true},"in2DMode":false,"pivot":{"x":-2.6151256561279299,"y":-0.481232613325119,"z":-1.2206019163131714},"rotation":{"x":0.10274086892604828,"y":-0.7411361932754517,"z":0.11655041575431824,"w":0.6531487703323364},"size":2.1872687339782717,"orthographic":false}