{"cameraMode":{"drawMode":0,"name":"Shaded","section":"Shading Mode"},"sceneLighting":true,"audioPlay":false,"sceneViewState":{"showFog":true,"showMaterialUpdate":false,"showSkybox":false,"showFlares":true,"showImageEffects":true,"showParticleSystems":true},"in2DMode":false,"pivot":{"x":244.85438537597657,"y":141.29244995117188,"z":-2.819938898086548},"rotation":{"x":-0.49580106139183047,"y":0.1300903856754303,"z":-0.0753588154911995,"w":-0.8553590774536133},"size":294.4964294433594,"orthographic":false}