{"cameraMode":{"drawMode":0,"name":"Shaded","section":"Shading Mode"},"sceneLighting":false,"audioPlay":false,"sceneViewState":{"showFog":true,"showMaterialUpdate":false,"showSkybox":false,"showFlares":true,"showImageEffects":true,"showParticleSystems":true},"in2DMode":false,"pivot":{"x":35.315834045410159,"y":1.5198678970336915,"z":28.619842529296876},"rotation":{"x":0.16515327990055085,"y":0.6285065412521362,"z":-0.1388910710811615,"w":0.7472920417785645},"size":0.000017949609173228964,"orthographic":false}