{"cameraMode":{"drawMode":0,"name":"Shaded","section":"Shading Mode"},"sceneLighting":false,"audioPlay":false,"sceneViewState":{"showFog":true,"showMaterialUpdate":false,"showSkybox":false,"showFlares":true,"showImageEffects":true,"showParticleSystems":true},"in2DMode":false,"pivot":{"x":-0.3740108609199524,"y":-0.061377715319395068,"z":0.348378986120224},"rotation":{"x":0.12725579738616944,"y":-0.7399071455001831,"z":0.14612381160259248,"w":0.6442181468009949},"size":0.47862109541893008,"orthographic":false}