{"cameraMode":{"drawMode":0,"name":"Shaded","section":"Shading Mode"},"sceneLighting":false,"audioPlay":false,"sceneViewState":{"showFog":true,"showMaterialUpdate":false,"showSkybox":false,"showFlares":true,"showImageEffects":true,"showParticleSystems":true},"in2DMode":false,"pivot":{"x":-0.03650346398353577,"y":0.6225959658622742,"z":0.005877256393432617},"rotation":{"x":0.3612861931324005,"y":0.13028952479362489,"z":-0.05105983093380928,"w":0.9218944907188416},"size":0.6379315257072449,"orthographic":false}